use jade;

# Employee
insert into employee (employeeSeq, lastName, firstName) values (1, 'Cornelious-Smith', 'Bessie');
insert into employee (employeeSeq, lastName, firstName) values (2, 'Varverakis', 'Michael');
insert into employee (employeeSeq, lastName, firstName) values (3, 'Jevita', 'Anthony');
insert into employee (employeeSeq, lastName, firstName, title) values (4, 'Makki', '', 'Dr.');

#insert into employee (employeeSeq, lastName, firstName) values (5, 'Youngblood', 'Phyllis');
insert into employee (employeeSeq, lastName, firstName) values (6, 'Derr', 'Carol');
insert into employee (employeeSeq, lastName, firstName) values (7, 'Miller', 'Melvine');
insert into employee (employeeSeq, lastName, firstName) values (8, 'Marsh', 'Felicia');
insert into employee (employeeSeq, lastName, firstName) values (9, 'Wilford', 'DeNina');
insert into employee (employeeSeq, lastName, firstName) values (10, 'House', 'JD');

insert into employee (employeeSeq, lastName, firstName) values (11, 'Anderson', 'Glenice');

insert into employee (employeeSeq, lastName, firstName) values (12, 'Hudson', 'Gene');
insert into employee (employeeSeq, lastName, firstName) values (13, 'Coleman', 'Crystal');
insert into employee (employeeSeq, lastName, firstName) values (14, 'Miller', 'Rhonda');
insert into employee (employeeSeq, lastName, firstName) values (15, 'Essenmacher', 'Sheryl');
insert into employee (employeeSeq, lastName, firstName, title) values (17, 'Fuller', 'Lisa', 'DO');
insert into employee (employeeSeq, lastName, firstName, title) values (18, 'Rotar', 'Ana', 'MD');

insert into employee (employeeSeq, lastName, firstName) values (19, 'Montgomery', 'Pamela');

insert into employee (employeeSeq, lastName, firstName) values (22, 'Hurd', 'Kelly');
insert into employee (employeeSeq, lastName, firstName) values (23, 'Reeves', 'Ronda');
insert into employee (employeeSeq, lastName, firstName) values (24, 'Elliot', 'Stephany');
insert into employee (employeeSeq, lastName, firstName) values (25, 'Teachworth', 'Carol');
insert into employee (employeeSeq, lastName, firstName) values (26, 'Kimbrough', 'Hope');
insert into employee (employeeSeq, lastName, firstName) values (27, 'Ficker', 'Lisa');
insert into employee (employeeSeq, lastName, firstName) values (28, 'Lester', 'Sohonnie');

insert into employee (employeeSeq, lastName, firstName) values (29, 'Moskos', 'Patricia');

insert into employee (employeeSeq, lastName, firstName) values (30, 'Mauricio', 'Genevieve');
insert into employee (employeeSeq, lastName, firstName) values (31, 'Kleist', 'Jennifer');
insert into employee (employeeSeq, lastName, firstName, title) values (32, 'Fazzolari', 'Lisa', 'MD');
insert into employee (employeeSeq, lastName, firstName) values (33, 'Smith', 'Jackie');
insert into employee (employeeSeq, lastName, firstName) values (35, 'Karuoya', 'Priscilla');
insert into employee (employeeSeq, lastName, firstName) values (36, 'Hurskin', 'Cedric');
insert into employee (employeeSeq, lastName, firstName) values (37, 'Hagar', 'Tamara');
insert into employee (employeeSeq, lastName, firstName) values (38, 'West', 'Ron');
insert into employee (employeeSeq, lastName, firstName) values (39, 'Siddiqui', 'Wardah');
insert into employee (employeeSeq, lastName, firstName) values (40, 'Da Cunha', 'Marilene');

insert into employee (employeeSeq, lastName, firstName) values (41, 'Hurskin', 'John');
insert into employee (employeeSeq, lastName, firstName) values (42, 'Saunders', 'Tanikka');
insert into employee (employeeSeq, lastName, firstName) values (43, 'Reyes', 'Cheryl');
insert into employee (employeeSeq, lastName, firstName) values (45, 'Suprai', 'Sukhdeep');
insert into employee (employeeSeq, lastName, firstName) values (46, 'Guerrero', 'Alejandra');

insert into employee (employeeSeq, lastName, firstName) values (49, 'Singh', 'Diana');
insert into employee (employeeSeq, lastName, firstName) values (50, 'Bennett', 'Kellen');
insert into employee (employeeSeq, lastName, firstName) values (51, 'Bereteh', 'Mohamed');
insert into employee (employeeSeq, lastName, firstName) values (52, 'Marks', 'Jennifer');
insert into employee (employeeSeq, lastName, firstName) values (53, 'Lynch', 'Barton');
insert into employee (employeeSeq, lastName, firstName) values (54, 'Bradley', 'Virginia');
insert into employee (employeeSeq, lastName, firstName) values (55, 'Cerda', 'Krystelle');
insert into employee (employeeSeq, lastName, firstName, title) values (56, 'Choi', '', 'Dr.');
insert into employee (employeeSeq, lastName, firstName, title) values (57, 'Nanda', '', 'Dr.');
insert into employee (employeeSeq, lastName, firstName, title) values (59, 'Tom', '', 'Dr.');
insert into employee (employeeSeq, lastName, firstName, title) values (60, 'Harris', '', 'Dr.');
insert into employee (employeeSeq, lastName, firstName, title) values (61, 'Murphy', '', 'Dr.');

insert into employee (employeeSeq, lastName, firstName) values (62, 'Coleman', 'Cheri');

insert into employee (employeeSeq, lastName, firstName) values (63, 'Geralyn', 'Mitchell');

insert into employee (employeeSeq, lastName, firstName) values (64, 'Marte', 'Martine');
insert into employee (employeeSeq, lastName, firstName) values (65, 'Avila', 'Satyn');
insert into employee (employeeSeq, lastName, firstName) values (66, 'Lundag', 'Malou');
insert into employee (employeeSeq, lastName, firstName) values (67, 'Diaz', 'Ariel');
insert into employee (employeeSeq, lastName, firstName) values (68, 'Unadkat', 'Dipali');
insert into employee (employeeSeq, lastName, firstName) values (69, 'Liu', 'Viola');
insert into employee (employeeSeq, lastName, firstName, title) values (70, 'Andrada', '', 'Dr.');
insert into employee (employeeSeq, lastName, firstName, title) values (71, 'Benoit', 'Bill', 'MFT');
insert into employee (employeeSeq, lastName, firstName, title) values (72, 'Deshmukh', '', 'Dr.');
insert into employee (employeeSeq, lastName, firstName, title) values (73, 'Fan', '', 'Dr.');
insert into employee (employeeSeq, lastName, firstName, title) values (74, 'Versales', '', 'Dr.');
insert into employee (employeeSeq, lastName, firstName, title) values (75, 'Rahman', '', 'Dr.');
insert into employee (employeeSeq, lastName, firstName) values (76, 'Gentry', 'Kendra');
insert into employee (employeeSeq, lastName, firstName) values (77, 'Morales', 'Cassandra');
insert into employee (employeeSeq, lastName, firstName) values (78, 'Rivera', 'Fred');
insert into employee (employeeSeq, lastName, firstName) values (79, 'Longoria', 'Teresa');
insert into employee (employeeSeq, lastName, middleName, firstName) values (80, 'White', 'Llamoso', 'Jhonna');

insert into employee (employeeSeq, lastName, firstName) values (81, 'Mueller', 'Deborah');
insert into employee (employeeSeq, lastName, firstName) values (82, 'Corona', 'Lorena');
insert into employee (employeeSeq, lastName, firstName) values (83, 'Rios', 'Brittany');
insert into employee (employeeSeq, lastName, firstName, title) values (84, 'Luo', '', 'Dr.');
insert into employee (employeeSeq, lastName, firstName, title) values (85, 'Reminajes', '', 'Dr.');
insert into employee (employeeSeq, lastName, firstName, title) values (86, 'Hartman', '', 'Dr.');

insert into employee (employeeSeq, lastName, firstName, title) values (87, 'Obolnikov', '', 'Dr.');

insert into employee (employeeSeq, lastName, firstName) values (88, 'Ward', 'Eugenia');

insert into employee (employeeSeq, lastName, firstName) values (89, 'McCloud', 'Barbara');
insert into employee (employeeSeq, lastName, firstName) values (90, 'McClore', 'Sinitra');

insert into employee (employeeSeq, lastName, firstName) values (91, 'Greenlaw', 'Amy' );

insert into employee (employeeSeq, lastName, firstName) values (92, 'AzadAzad', 'Arian' );
insert into employee (employeeSeq, lastName, firstName) values (93, 'Smith-Grady', 'Tyrisha' );
insert into employee (employeeSeq, lastName, firstName) values (94, 'Econome', 'Kathryn' );
insert into employee (employeeSeq, lastName, middleName, firstName) values (95, 'Montenegro', 'Wycoff', 'Melissa' );

insert into employee (employeeSeq, lastName, firstName) values (96, 'Mills', 'Laquesha' );
insert into employee (employeeSeq, lastName, firstName) values (97, 'Gertsvolf', 'Mariya' );

insert into employee (employeeSeq, lastName, firstName) values (98, 'Keller', 'Kelly' );
insert into employee (employeeSeq, lastName, firstName, title) values (99, 'Quanbeck', 'Cameron', 'MD' );

insert into employee (employeeSeq, lastName, firstName) values (100, 'Moceri', 'Jessica' );

insert into employee (employeeSeq, lastName, firstName) values (101, 'Frey', 'Erin' );
insert into employee (employeeSeq, lastName, firstName) values (102, 'Fahmy', 'Amira' );

insert into employee (employeeSeq, lastName, firstName, title) values (103, 'Sun', 'Vivian', 'MD');

insert into employee (employeeSeq, lastName, firstName) values (104, 'Marks', ' Lauren' );
insert into employee (employeeSeq, lastName, firstName) values (105, 'Rohin', 'Sahar' );

insert into employee (employeeSeq, lastName, firstName, title) values (106, 'Bhatt', 'Usha', 'MD');

insert into employee (employeeSeq, lastName, firstName, title) values (107, 'Whitley', 'Celica', 'MD');

insert into employee (employeeSeq, lastName, firstName) values (108, 'Reyes', 'Ninaronna');

# Location
insert into location values ('Det PHP');
insert into location values ('Det Intk');
insert into location values ('Det Med');
insert into location values ('Det Corp');
insert into location values ('Det ACT');
insert into location values ('Det NGC');
insert into location values ('Det');
insert into location values ('NEG');
insert into location values ('Corp');
insert into location values ('Oak');
insert into location values ('PTW');
insert into location values ('Intake');
insert into location values ('UC');
insert into location values ('Martinez');
insert into location values ('PL');
insert into location values ('CHILDRPNS');


# role
insert into role values ('Manager');
insert into role values ('HR Manager');
insert into role values ('User');


# View
insert into employeeView (employeeViewSeq, viewName) values (1, 'All Employee');
insert into employeeView (employeeViewSeq, viewName) values (2, 'Program Administrator for PHP');
insert into employeeView (employeeViewSeq, viewName) values (3, 'Intake Director for Intake Department');
insert into employeeView (employeeViewSeq, viewName) values (4, 'Program Manager for North Park Medication Clinic');
insert into employeeView (employeeViewSeq, viewName) values (5, 'Director of Operations for BHR');
insert into employeeView (employeeViewSeq, viewName) values (6, 'ACT Director for ACT');
insert into employeeView (employeeViewSeq, viewName) values (7, 'Associate Director of Operations for Northeast Guidance Center');
insert into employeeView (employeeViewSeq, viewName) values (8, 'Unit Supervisor for Children''s Department N');
insert into employeeView (employeeViewSeq, viewName) values (9, 'CEO');
insert into employeeView (employeeViewSeq, viewName) values (10, 'COO and Director of Operations for BHR CA');
insert into employeeView (employeeViewSeq, viewName) values (11, 'Program Manager for Oakland PTW');
insert into employeeView (employeeViewSeq, viewName) values (12, 'Human Resources Specialist for BHR');
insert into employeeView (employeeViewSeq, viewName) values (13, 'Intake Director for BHR Pleasanton');
insert into employeeView (employeeViewSeq, viewName) values (14, 'Interim Program Manager for Union City PTW');
insert into employeeView (employeeViewSeq, viewName) values (15, 'Director of Fiscal and Business Management for BHR CA');
insert into employeeView (employeeViewSeq, viewName) values (16, 'Program Manager for Martinez PTW');
insert into employeeView (employeeViewSeq, viewName) values (17, 'Direct report for Gregory Matzelle');


# User
insert into user (userId, password, role, employeeViewSeq, description, assignedTo) values ('hradmin', 'f3b2010', 'HR Manager', 1, 'HR Manager', 'HR Administrator');
insert into user (userId, password, role, employeeViewSeq, description, assignedTo) values ('ghudson', 't1m32017', 'Manager', 2, 'Program Administrator for PHP', 'Gene Hudson');
insert into user (userId, password, role, employeeViewSeq, description, assignedTo) values ('ccoleman', 'g0g2011', 'Manager', 3, 'Intake Director for Intake Department', 'Crystal Coleman');
insert into user (userId, password, role, employeeViewSeq, description, assignedTo) values ('rmiller', 'h0n,2015', 'Manager', 4, 'Program Manager for North Park Medication Clinic', 'Rhonda Miller');
insert into user (userId, password, role, employeeViewSeq, description, assignedTo) values ('rwest', 'r0n>3578', 'Manager', 5, 'Director of Operations for BHR', 'Ron West' );
insert into user (userId, password, role, employeeViewSeq, description, assignedTo) values ('sessenmacher', 'sh3r?2345', 'Manager', 6, 'ACT Director for ACT', 'Sheryl Essenmacher');
insert into user (userId, password, role, employeeViewSeq, description, assignedTo) values ('thagar', 'tam<@34', 'Manager', 7, 'Associate Director of Operations for Northeast Guidance Center', 'Tamara Hagar');
insert into user (userId, password, role, employeeViewSeq, description, assignedTo) values ('kclampitt', 'k0m:232', 'Manager', 8, 'Unit Supervisor for Children''s Department N', 'Kathryn Clampitt');
insert into user (userId, password, role, employeeViewSeq, description, assignedTo) values ('nbecton', 'c3oerty', 'Manager', 9, 'CEO', 'Neisha Becton');
insert into user (userId, password, role, employeeViewSeq, description, assignedTo) values ('churskin', 'c3d23kk', 'Manager', 10, 'COO and Director of Operations for BHR CA', 'Cedric Hurskin');
insert into user (userId, password, role, employeeViewSeq, description, assignedTo) values ('tsaunders', 'an1"231', 'Manager', 11, 'Program Manager for Oakland PTW', 'Tanikka Saunders');
insert into user (userId, password, role, employeeViewSeq, description, assignedTo) values ('gmauricio', 'g3n{567', 'Manager', 12, 'Human Resources Specialist for BHR', 'Genevieve Mauricio');
insert into user (userId, password, role, employeeViewSeq, description, assignedTo) values ('aguerrero', 'al3tywe', 'Manager', 13, 'Intake Director for BHR Pleasanton', 'Alejandra Guerrero');
insert into user (userId, password, role, employeeViewSeq, description, assignedTo) values ('ssuprai', 'sk3<lopq', 'Manager', 14, 'Interim Program Manager for Union City PTW', 'Sukhdeep Suprai');
insert into user (userId, password, role, employeeViewSeq, description, assignedTo) values ('creyes', 'ch3r-234', 'Manager', 15, 'Director of Fiscal and Business Management for BHR CA', 'Cheryl Reyes');
insert into user (userId, password, role, employeeViewSeq, description, assignedTo) values ('dmueller', 'mueller123', 'Manager', 16,'Program Manager for Martinez PTW', 'Deborah Mueller');
insert into user (userId, password, role, employeeViewSeq, description, assignedTo) values ('gmatzelle', 'matzelle123', 'Manager', 17,'Direct report for Gregory Matzelle', 'Gregory Matzelle');



# ViewMapping
insert into viewMapping (employeeViewSeq, employeeSeq, location) values (2, 1, 'Det PHP');
insert into viewMapping (employeeViewSeq, employeeSeq, location) values (2, 2, 'Det PHP');
insert into viewMapping (employeeViewSeq, employeeSeq, location) values (2, 3, 'Det PHP');
insert into viewMapping (employeeViewSeq, employeeSeq, location) values (2, 4, 'Det PHP');

insert into viewMapping (employeeViewSeq, employeeSeq, location) values (3, 4, 'Det Intk');
#insert into viewMapping (employeeViewSeq, employeeSeq, location) values (3, 5, 'Det Intk');
#insert into viewMapping (employeeViewSeq, employeeSeq, location) values (3, 6, 'Det Intk');
#insert into viewMapping (employeeViewSeq, employeeSeq, location) values (3, 7, 'Det Intk');
insert into viewMapping (employeeViewSeq, employeeSeq, location) values (3, 8, 'Det Intk');
insert into viewMapping (employeeViewSeq, employeeSeq, location) values (3, 9, 'Det Intk');
insert into viewMapping (employeeViewSeq, employeeSeq, location) values (3, 10, 'Det Intk');
insert into viewMapping (employeeViewSeq, employeeSeq, location) values (3, 88, 'Det Intk');
insert into viewMapping (employeeViewSeq, employeeSeq, location) values (3, 89, 'Det Intk');
insert into viewMapping (employeeViewSeq, employeeSeq, location) values (3, 100, 'Det Intk');
insert into viewMapping (employeeViewSeq, employeeSeq, location) values (3, 107, 'Det Intk');

insert into viewMapping (employeeViewSeq, employeeSeq, location) values (4, 11, 'Det Med');

insert into viewMapping (employeeViewSeq, employeeSeq, location) values (5, 12, 'Det PHP');
insert into viewMapping (employeeViewSeq, employeeSeq, location) values (5, 13, 'Det Intk');
insert into viewMapping (employeeViewSeq, employeeSeq, location) values (5, 14, 'Det Med');
insert into viewMapping (employeeViewSeq, employeeSeq, location) values (5, 15, 'Det ACT');
insert into viewMapping (employeeViewSeq, employeeSeq, location) values (5, 17, 'Det');
insert into viewMapping (employeeViewSeq, employeeSeq, location) values (5, 18, 'Det');

insert into viewMapping (employeeViewSeq, employeeSeq, location) values (6, 19, 'Det ACT');

insert into viewMapping (employeeViewSeq, employeeSeq, location) values (7, 10, 'Det NGC');
insert into viewMapping (employeeViewSeq, employeeSeq, location) values (7, 22, 'Det NGC');
insert into viewMapping (employeeViewSeq, employeeSeq, location) values (7, 23, 'Det NGC');
insert into viewMapping (employeeViewSeq, employeeSeq, location) values (7, 24, 'Det NGC');
insert into viewMapping (employeeViewSeq, employeeSeq, location) values (7, 25, 'Det NGC');
insert into viewMapping (employeeViewSeq, employeeSeq, location) values (7, 26, 'Det NGC');
insert into viewMapping (employeeViewSeq, employeeSeq, location) values (7, 27, 'Det NGC');
insert into viewMapping (employeeViewSeq, employeeSeq, location) values (7, 28, 'Det NGC');

insert into viewMapping (employeeViewSeq, employeeSeq, location) values (8, 29, 'CHILDRPNS');

insert into viewMapping (employeeViewSeq, employeeSeq, location) values (9, 30, 'Corp');
insert into viewMapping (employeeViewSeq, employeeSeq, location) values (9, 31, 'Corp');
insert into viewMapping (employeeViewSeq, employeeSeq, location) values (9, 32, 'PL');
insert into viewMapping (employeeViewSeq, employeeSeq, location) values (9, 33, 'Corp');
insert into viewMapping (employeeViewSeq, employeeSeq, location) values (9, 35, 'PTW');
insert into viewMapping (employeeViewSeq, employeeSeq, location) values (9, 36, 'Corp');
insert into viewMapping (employeeViewSeq, employeeSeq, location) values (9, 37, 'Corp');
insert into viewMapping (employeeViewSeq, employeeSeq, location) values (9, 38, 'Corp');
insert into viewMapping (employeeViewSeq, employeeSeq, location) values (9, 39, 'Corp');
insert into viewMapping (employeeViewSeq, employeeSeq, location) values (9, 40, 'Corp');

insert into viewMapping (employeeViewSeq, employeeSeq, location) values (10, 41, 'Corp');
insert into viewMapping (employeeViewSeq, employeeSeq, location) values (10, 42, 'Oak');
insert into viewMapping (employeeViewSeq, employeeSeq, location) values (10, 43, 'Corp');
insert into viewMapping (employeeViewSeq, employeeSeq, location) values (10, 45, 'UC');
insert into viewMapping (employeeViewSeq, employeeSeq, location) values (10, 46, 'Corp');

insert into viewMapping (employeeViewSeq, employeeSeq, location) values (11, 49, 'Oak');
insert into viewMapping (employeeViewSeq, employeeSeq, location) values (11, 50, 'Oak');
insert into viewMapping (employeeViewSeq, employeeSeq, location) values (11, 51, 'Oak');
insert into viewMapping (employeeViewSeq, employeeSeq, location) values (11, 52, 'Oak');
insert into viewMapping (employeeViewSeq, employeeSeq, location) values (11, 53, 'Oak');
insert into viewMapping (employeeViewSeq, employeeSeq, location) values (11, 54, 'Oak');
insert into viewMapping (employeeViewSeq, employeeSeq, location) values (11, 55, 'Oak');
insert into viewMapping (employeeViewSeq, employeeSeq, location) values (11, 56, 'Oak');
insert into viewMapping (employeeViewSeq, employeeSeq, location) values (11, 57, 'Oak');
insert into viewMapping (employeeViewSeq, employeeSeq, location) values (11, 59, 'Oak');
insert into viewMapping (employeeViewSeq, employeeSeq, location) values (11, 60, 'Oak');
insert into viewMapping (employeeViewSeq, employeeSeq, location) values (11, 61, 'Oak');
insert into viewMapping (employeeViewSeq, employeeSeq, location) values (11, 87, 'Oak');
insert into viewMapping (employeeViewSeq, employeeSeq, location) values (11, 71, 'Oak');
insert into viewMapping (employeeViewSeq, employeeSeq, location) values (11, 93, 'Oak');
insert into viewMapping (employeeViewSeq, employeeSeq, location) values (11, 95, 'Oak');
insert into viewMapping (employeeViewSeq, employeeSeq, location) values (11, 96, 'Oak');
insert into viewMapping (employeeViewSeq, employeeSeq, location) values (11, 98, 'Oak');
insert into viewMapping (employeeViewSeq, employeeSeq, location) values (11, 99, 'Oak');

insert into viewMapping (employeeViewSeq, employeeSeq, location) values (12, 62, 'Det Corp');

insert into viewMapping (employeeViewSeq, employeeSeq, location) values (13, 63, 'Intake');

insert into viewMapping (employeeViewSeq, employeeSeq, location) values (14, 57, 'UC');
insert into viewMapping (employeeViewSeq, employeeSeq, location) values (14, 64, 'UC');
insert into viewMapping (employeeViewSeq, employeeSeq, location) values (14, 65, 'UC');
insert into viewMapping (employeeViewSeq, employeeSeq, location) values (14, 66, 'UC');
insert into viewMapping (employeeViewSeq, employeeSeq, location) values (14, 67, 'UC');
insert into viewMapping (employeeViewSeq, employeeSeq, location) values (14, 68, 'UC');
insert into viewMapping (employeeViewSeq, employeeSeq, location) values (14, 69, 'UC');
insert into viewMapping (employeeViewSeq, employeeSeq, location) values (14, 69, 'PL');
insert into viewMapping (employeeViewSeq, employeeSeq, location) values (14, 70, 'UC');
insert into viewMapping (employeeViewSeq, employeeSeq, location) values (14, 71, 'UC');
insert into viewMapping (employeeViewSeq, employeeSeq, location) values (14, 72, 'UC');
insert into viewMapping (employeeViewSeq, employeeSeq, location) values (14, 73, 'UC');
insert into viewMapping (employeeViewSeq, employeeSeq, location) values (14, 74, 'UC');
insert into viewMapping (employeeViewSeq, employeeSeq, location) values (14, 75, 'UC');
insert into viewMapping (employeeViewSeq, employeeSeq, location) values (14, 92, 'UC');
insert into viewMapping (employeeViewSeq, employeeSeq, location) values (14, 97, 'UC');
insert into viewMapping (employeeViewSeq, employeeSeq, location) values (14, 101, 'UC');
insert into viewMapping (employeeViewSeq, employeeSeq, location) values (14, 102, 'UC');
insert into viewMapping (employeeViewSeq, employeeSeq, location) values (14, 104, 'UC');
insert into viewMapping (employeeViewSeq, employeeSeq, location) values (14, 105, 'UC');

insert into viewMapping (employeeViewSeq, employeeSeq, location) values (15, 76, 'Corp');
insert into viewMapping (employeeViewSeq, employeeSeq, location) values (15, 77, 'Corp');
insert into viewMapping (employeeViewSeq, employeeSeq, location) values (15, 78, 'Corp');
insert into viewMapping (employeeViewSeq, employeeSeq, location) values (15, 79, 'Corp');
insert into viewMapping (employeeViewSeq, employeeSeq, location) values (15, 80, 'Corp');

insert into viewMapping (employeeViewSeq, employeeSeq, location) values (16, 50, 'Martinez');
insert into viewMapping (employeeViewSeq, employeeSeq, location) values (16, 75, 'PL');
insert into viewMapping (employeeViewSeq, employeeSeq, location) values (16, 81, 'Martinez');
insert into viewMapping (employeeViewSeq, employeeSeq, location) values (16, 82, 'Martinez');
insert into viewMapping (employeeViewSeq, employeeSeq, location) values (16, 82, 'UC');
insert into viewMapping (employeeViewSeq, employeeSeq, location) values (16, 83, 'Martinez');
insert into viewMapping (employeeViewSeq, employeeSeq, location) values (16, 84, 'Martinez');
insert into viewMapping (employeeViewSeq, employeeSeq, location) values (16, 85, 'Martinez');
insert into viewMapping (employeeViewSeq, employeeSeq, location) values (16, 86, 'Martinez');
insert into viewMapping (employeeViewSeq, employeeSeq, location) values (16, 86, 'PL');
insert into viewMapping (employeeViewSeq, employeeSeq, location) values (16, 91, 'Martinez');
insert into viewMapping (employeeViewSeq, employeeSeq, location) values (16, 94, 'Martinez');
insert into viewMapping (employeeViewSeq, employeeSeq, location) values (16, 103, 'Martinez');
insert into viewMapping (employeeViewSeq, employeeSeq, location) values (16, 106, 'Martinez');
insert into viewMapping (employeeViewSeq, employeeSeq, location) values (16, 108, 'Martinez');

insert into viewMapping (employeeViewSeq, employeeSeq, location) values (17, 89, 'Det Intk');
insert into viewMapping (employeeViewSeq, employeeSeq, location) values (17, 90, 'Det');

# ViewMapping for All Employee
insert into viewMapping (employeeViewSeq, employeeSeq, location) select 1, employeeSeq, location from viewMapping;
insert into viewMapping (employeeViewSeq, employeeSeq, location) values (1, 88, 'Det Intk');
insert into viewMapping (employeeViewSeq, employeeSeq, location) values (1, 89, 'Det Intk');
insert into viewMapping (employeeViewSeq, employeeSeq, location) values (1, 90, 'Det');
insert into viewMapping (employeeViewSeq, employeeSeq, location) values (1, 91, 'Martinez');
insert into viewMapping (employeeViewSeq, employeeSeq, location) values (1, 92, 'UC');
insert into viewMapping (employeeViewSeq, employeeSeq, location) values (1, 93, 'Oak');
insert into viewMapping (employeeViewSeq, employeeSeq, location) values (1, 94, 'Martinez');
insert into viewMapping (employeeViewSeq, employeeSeq, location) values (1, 95, 'Oak');
insert into viewMapping (employeeViewSeq, employeeSeq, location) values (1, 96, 'Oak');
insert into viewMapping (employeeViewSeq, employeeSeq, location) values (1, 97, 'UC');
insert into viewMapping (employeeViewSeq, employeeSeq, location) values (1, 98, 'Oak');
insert into viewMapping (employeeViewSeq, employeeSeq, location) values (1, 99, 'Oak');
insert into viewMapping (employeeViewSeq, employeeSeq, location) values (1, 100, 'Det Intk');
insert into viewMapping (employeeViewSeq, employeeSeq, location) values (1, 101, 'UC');
insert into viewMapping (employeeViewSeq, employeeSeq, location) values (1, 102, 'UC');
insert into viewMapping (employeeViewSeq, employeeSeq, location) values (1, 103, 'Martinez');
insert into viewMapping (employeeViewSeq, employeeSeq, location) values (1, 104, 'UC');
insert into viewMapping (employeeViewSeq, employeeSeq, location) values (1, 105, 'UC');
insert into viewMapping (employeeViewSeq, employeeSeq, location) values (1, 106, 'Martinez');
insert into viewMapping (employeeViewSeq, employeeSeq, location) values (1, 107, 'Det Intk');
insert into viewMapping (employeeViewSeq, employeeSeq, location) values (1, 108, 'Martinez');